File_name,ram_percent,ram,flash,Code,RO_data,RW_data,ZI_data
st7789.o,41.095066%,2049,2726,2726,0,0,2049
usart_idel_config.o,20.537504%,1024,216,216,0,0,1024
startup_stm32f401xc.o,20.537504%,1024,440,36,404,0,1024
spi.o,7.220217%,360,660,660,0,0,360
usart.o,6.738869%,336,480,480,0,0,336
i2c.o,3.610108%,180,258,258,0,0,180
stm32f4xx_hal.o,0.180505%,9,217,212,0,5,4
system_stm32f4xx.o,0.080225%,4,46,18,24,4,0
